{"cameraMode":{"drawMode":0,"name":"Shaded","section":"Shading Mode"},"sceneLighting":true,"audioPlay":false,"sceneViewState":{"showFog":false,"showMaterialUpdate":true,"showSkybox":true,"showFlares":false,"showImageEffects":true,"showParticleSystems":true},"in2DMode":false,"pivot":{"x":-54.75212478637695,"y":38.416263580322269,"z":4.707132339477539},"rotation":{"x":0.33088698983192446,"y":0.6384215950965881,"z":-0.35284286737442019,"w":0.5986943244934082},"size":21.696245193481447,"orthographic":false}