{"cameraMode":{"drawMode":0,"name":"Shaded","section":"Shading Mode"},"sceneLighting":true,"audioPlay":false,"sceneViewState":{"showFog":true,"showMaterialUpdate":true,"showSkybox":true,"showFlares":true,"showImageEffects":true,"showParticleSystems":true},"in2DMode":false,"pivot":{"x":-0.038288578391075137,"y":0.228786900639534,"z":-0.020751953125},"rotation":{"x":0.1854809820652008,"y":-0.1974806785583496,"z":0.03808283805847168,"w":0.9618472456932068},"size":2.7793328762054445,"orthographic":false}