{"cameraMode":{"drawMode":0,"name":"Shaded","section":"Shading Mode"},"sceneLighting":true,"audioPlay":false,"sceneViewState":{"showFog":false,"showMaterialUpdate":true,"showSkybox":true,"showFlares":false,"showImageEffects":true,"showParticleSystems":true},"in2DMode":false,"pivot":{"x":-77.05261993408203,"y":24.91387176513672,"z":-26.125930786132814},"rotation":{"x":-0.6026707291603088,"y":0.030629877001047136,"z":-0.023157663643360139,"w":-0.7970697283744812},"size":52.34625244140625,"orthographic":false}