{"cameraMode":{"drawMode":0,"name":"Shaded","section":"Shading Mode"},"sceneLighting":true,"audioPlay":false,"sceneViewState":{"showFog":false,"showMaterialUpdate":true,"showSkybox":true,"showFlares":false,"showImageEffects":true,"showParticleSystems":true},"in2DMode":false,"pivot":{"x":-6.8325653076171879,"y":14.067913055419922,"z":58.12278366088867},"rotation":{"x":-0.18826314806938172,"y":-0.3373987674713135,"z":0.0690612867474556,"w":-0.9197591543197632},"size":78.0748062133789,"orthographic":false}