{"cameraMode":{"drawMode":0,"name":"Shaded","section":"Shading Mode"},"sceneLighting":true,"audioPlay":false,"sceneViewState":{"showFog":false,"showMaterialUpdate":true,"showSkybox":true,"showFlares":false,"showImageEffects":true,"showParticleSystems":true},"in2DMode":false,"pivot":{"x":217.5592041015625,"y":-21.202346801757814,"z":227.9826202392578},"rotation":{"x":-0.15362341701984406,"y":-0.38929468393325808,"z":0.06602579355239868,"w":-0.9058115482330322},"size":147.32769775390626,"orthographic":false}