{"cameraMode":{"drawMode":0,"name":"Shaded","section":"Shading Mode"},"sceneLighting":true,"audioPlay":false,"sceneViewState":{"showFog":false,"showMaterialUpdate":true,"showSkybox":true,"showFlares":false,"showImageEffects":true,"showParticleSystems":true},"in2DMode":false,"pivot":{"x":-10.895610809326172,"y":0.6635284423828125,"z":-9.409923553466797},"rotation":{"x":-0.4478842616081238,"y":-0.004834441933780909,"z":0.0024229148402810098,"w":-0.8940909504890442},"size":66.90569305419922,"orthographic":false}